id,first_name,last_name,department,salary,gender
1,Blakelee,Houlston,Research and Development,154,Female
2,Marlin,Corrado,Marketing,166,Male
3,Zonnya,MacDuff,Services,51,Female
4,Jolene,Ragge,Sales,72,Female
5,Winifred,Darlison,Engineering,111,Female
6,Frederick,Toppin,Research and Development,95,Male
7,Wit,Rasper,Support,177,Male
8,Maxy,Cantillion,Accounting,200,Female
9,Seymour,Alberti,Marketing,95,Male
10,Thayne,Tivnan,Product Management,99,Male
11,Homere,Tansley,Product Management,193,Male
12,Kristine,Cherryman,Engineering,112,Female
13,Lazar,Cristofori,Human Resources,68,Male
14,Isak,O'Henecan,Legal,55,Male
15,Justinn,Capponeer,Training,82,Female
16,Pris,Groves,Business Development,106,Female
17,Norry,O'Dreain,Training,58,Female
18,Ally,McDavid,Sales,188,Female
19,Pascal,Van den Velden,Training,135,Male
20,Antonino,Hayen,Research and Development,99,Male
21,Brand,Regorz,Training,93,Male
22,Christie,Noseworthy,Research and Development,181,Male
23,Marco,Hagger,Services,79,Male
24,Dorothea,Millberg,Human Resources,94,Female
25,Kenyon,Gooday,Support,71,Male
26,Gardy,Barraclough,Human Resources,129,Male
27,Bobinette,Hancke,Business Development,90,Female
28,Darrel,Brummell,Services,181,Male
29,Merrily,Hallard,Support,148,Female
30,Sylvia,Kezourec,Product Management,144,Female
31,Gael,Buckles,Marketing,73,Female
32,Israel,Algie,Engineering,162,Male
33,Demetra,Matzkaitis,Sales,88,Female
34,Margaretta,Perkin,Marketing,136,Female
35,Candida,Annell,Accounting,151,Female
36,Ariel,Wolver,Business Development,76,Female
37,Chas,Goff,Services,96,Male
38,Chery,Le Bosse,Legal,183,Female
39,Gherardo,Mea,Services,92,Male
40,Woodman,Rosenblum,Legal,75,Male
41,Gladi,Arkcoll,Training,136,Female
42,Benedicta,Carter,Human Resources,55,Female
43,Ford,Benny,Human Resources,193,Male
44,Billy,Tomaszkiewicz,Product Management,132,Male
45,Renell,Clashe,Business Development,92,Female
46,Nolan,Schutt,Training,138,Male
47,Fonzie,McCritchie,Research and Development,144,Male
48,Legra,Elsmor,Business Development,176,Female
49,Blinnie,Skittrall,Legal,177,Female
50,Leoine,Winks,Services,50,Female
51,Ivar,Kloser,Marketing,126,Male
52,Gabriel,Parham,Training,136,Male
53,Halsy,Wilman,Engineering,103,Male
54,Gianni,Farnall,Services,97,Male
55,Sergei,Averies,Research and Development,53,Male
56,Cleve,Stelle,Legal,102,Male
57,Gallard,Kilrow,Accounting,71,Male
58,Rupert,Melody,Services,75,Male
59,Joachim,Tooting,Support,147,Male
60,Weidar,Kettles,Services,76,Male
61,Silvano,Worg,Sales,162,Male
62,Halli,Vittet,Research and Development,171,Female
63,Ermin,Wiggin,Accounting,105,Male
64,Tonia,Faers,Business Development,139,Female
65,Ina,Speak,Services,159,Female
66,Haydon,Jeune,Engineering,143,Male
67,Katinka,Cinderey,Support,93,Female
68,Christel,Bowkley,Sales,96,Female
69,Gillie,Osgodby,Services,162,Female
70,Nikolia,MacKall,Services,111,Female
71,Mady,Farra,Business Development,81,Female
72,Sauveur,Mattisson,Support,179,Male
73,Sig,Dagwell,Sales,91,Male
74,Fax,Frankling,Sales,50,Male
75,Chen,Davern,Marketing,170,Male
76,Herman,Allain,Research and Development,134,Male
77,Mallissa,Niesing,Support,145,Female
78,Harald,Burborough,Research and Development,105,Male
79,Giulietta,Challes,Marketing,187,Female
80,Hugo,Catenot,Training,177,Male
81,Tommie,Loomis,Support,140,Male
82,Theobald,Davidov,Human Resources,198,Male
83,Melanie,Gipps,Services,90,Female
84,Jaimie,Lebond,Sales,73,Male
85,Keenan,Roberts,Research and Development,80,Male
86,Fedora,Bartol,Research and Development,197,Female
87,Sal,Dodswell,Services,53,Male
88,Celinka,Brearty,Services,187,Female
89,Fabiano,Beedham,Services,176,Male
90,Mattias,Jaher,Accounting,124,Male
91,Corinne,Brugsma,Engineering,163,Female
92,Sydney,Tichelaar,Services,167,Male
93,Redford,Cowper,Human Resources,158,Male
94,Rosene,Greschik,Services,193,Female
95,Brittni,Whitnell,Marketing,186,Female
96,Lawton,Rozalski,Accounting,174,Male
97,Shantee,Noto,Sales,187,Female
98,Lane,Calvey,Business Development,76,Male
99,Lamont,Gamett,Training,133,Male
100,Gerrilee,Hamper,Sales,93,Female
101,Mirabel,Dorning,Business Development,56,Female
102,Margalit,Congrave,Services,77,Female
103,Fax,O' Borne,Sales,60,Male
104,Lamont,Village,Business Development,197,Male
105,Alikee,Heartfield,Services,63,Female
106,Trixie,Breckwell,Training,194,Female
107,Woodman,Jollye,Research and Development,117,Male
108,Annabell,Josefowicz,Services,135,Female
109,Nancee,Merdew,Product Management,178,Female
110,Hardy,Kobu,Business Development,151,Male
111,Simone,Pakes,Engineering,188,Male
112,Blythe,Pott,Training,164,Female
113,Ellie,Caveney,Training,51,Female
114,Roscoe,Kempson,Legal,174,Male
115,Trey,Prowting,Legal,174,Male
116,Clementine,MacInerney,Human Resources,136,Female
117,Dolf,Knifton,Research and Development,102,Male
118,Isobel,Lanfranchi,Business Development,157,Female
119,Paquito,Cratchley,Business Development,51,Male
120,Westbrooke,Emm,Research and Development,149,Male
121,Denis,Vasilyevski,Product Management,185,Male
122,Valery,Martello,Marketing,186,Female
123,Maurizia,Folonin,Services,147,Female
124,Ailis,Spadelli,Support,97,Female
125,Dav,Boardman,Support,191,Male
126,Colas,Elcy,Support,115,Male
127,Gaby,Ambroziak,Marketing,50,Male
128,Marv,Belly,Accounting,167,Male
129,Eldridge,Springford,Research and Development,57,Male
130,Susannah,D'Ambrogio,Engineering,154,Female
131,Meryl,O'Leagham,Legal,76,Male
132,Zonda,Dows,Human Resources,99,Female
133,Tuck,Spear,Business Development,51,Male
134,Muffin,Davinet,Accounting,145,Male
135,Valeda,Whyffen,Human Resources,79,Female
136,Roanne,Palethorpe,Training,112,Female
137,Junina,Rouse,Legal,51,Female
138,Tansy,Bome,Human Resources,109,Female
139,Ainslie,Hartup,Business Development,64,Female
140,Dyanna,Filasov,Engineering,124,Female
141,Cleveland,Clearie,Sales,193,Male
142,Thorvald,Hourigan,Legal,109,Male
143,Michale,Kensett,Research and Development,169,Male
144,Osbert,Larwell,Human Resources,55,Male
145,Claiborn,Ruperto,Accounting,55,Male
146,Cynde,Stile,Product Management,200,Female
147,Noellyn,Dorning,Support,184,Female
148,Cherish,Petyt,Training,176,Female
149,Randi,Ubanks,Research and Development,187,Male
150,Mady,Sheere,Support,71,Female
151,Margeaux,Frangleton,Services,61,Female
152,Orly,Dolphin,Engineering,112,Female
153,Jordon,Andrioni,Business Development,60,Male
154,Kaitlynn,Leamy,Product Management,54,Female
155,Dollie,Slowan,Product Management,136,Female
156,Werner,Broadberrie,Accounting,101,Male
157,Heda,Sambrok,Support,152,Female
158,Tonye,Sperrett,Engineering,94,Female
159,Alphonso,Cornall,Support,134,Male
160,Annora,Burdas,Legal,77,Female
161,Trina,Alger,Services,136,Female
162,Katlin,Monni,Services,164,Female
163,Joey,Asp,Sales,69,Female
164,Jae,Juett,Accounting,91,Male
165,Tawsha,Fedorchenko,Training,55,Female
166,Malena,Moorton,Marketing,178,Female
167,Beaufort,Le feaver,Support,174,Male
168,Christoffer,Ipsly,Support,56,Male
169,Raimondo,Covendon,Training,97,Male
170,Dacia,Ironmonger,Services,181,Female
171,Piotr,Bourdis,Services,92,Male
172,Athena,Kale,Training,150,Female
173,Graehme,Matyugin,Engineering,164,Male
174,Teresina,Alexandersen,Training,71,Female
175,Broddy,Armin,Engineering,56,Male
176,Ralf,Angliss,Support,184,Male
177,Carrol,Newell,Marketing,58,Male
178,Juditha,Peto,Training,102,Female
179,Ruttger,Jaumet,Human Resources,91,Male
180,Dreddy,Hasted,Marketing,163,Female
181,Angelo,Beedie,Training,165,Male
182,Elonore,Armand,Sales,126,Female
183,Astrid,McPhelimey,Research and Development,118,Female
184,Gregorius,Capron,Business Development,84,Male
185,Matias,Clemenzo,Marketing,72,Male
186,Bron,Ferrierio,Product Management,64,Male
187,Husain,Aisthorpe,Accounting,68,Male
188,Esdras,Birtchnell,Legal,78,Male
189,Ruby,Peirce,Legal,123,Male
190,Jimmy,McIlhatton,Services,147,Male
191,Allen,Showl,Engineering,176,Male
192,Roderich,Blincow,Marketing,148,Male
193,Teri,Degoix,Engineering,157,Female
194,Vergil,Hufton,Business Development,101,Male
195,Travis,Mullane,Marketing,145,Male
196,Baillie,Tangye,Engineering,118,Male
197,Granny,Pawlett,Marketing,159,Male
198,Noami,Franchi,Legal,109,Female
199,Alexis,Firk,Human Resources,64,Male
200,Chucho,Andrzejak,Research and Development,117,Male
201,Horatius,Markushkin,Research and Development,190,Male
202,Odetta,Fitzhenry,Training,164,Female
203,Hinda,Kleewein,Marketing,89,Female
204,Rawley,Laurenzi,Legal,111,Male
205,Dal,Leall,Business Development,195,Male
206,Layne,Waszczyk,Accounting,55,Female
207,Kincaid,Dyshart,Services,174,Male
208,Sarene,Snedden,Marketing,56,Female
209,Leigh,Paumier,Training,133,Female
210,Dacey,Remmers,Legal,99,Female
211,Budd,Courtney,Engineering,101,Male
212,Joachim,Balcon,Legal,53,Male
213,Keane,Tunnicliffe,Support,74,Male
214,Gus,Vanyukhin,Accounting,50,Female
215,Den,Blythe,Engineering,197,Male
216,Sonnie,Marzelle,Research and Development,169,Male
217,Filmore,Arnowitz,Training,158,Male
218,Jerrie,Langabeer,Research and Development,86,Male
219,Lou,McVane,Product Management,71,Female
220,Thomasa,Flescher,Legal,189,Female
221,Brendon,Bohje,Support,91,Male
222,Afton,Jarley,Training,146,Female
223,Minnaminnie,Berndtssen,Engineering,141,Female
224,Ermina,Tottle,Legal,154,Female
225,Kelby,Sweetmore,Sales,95,Male
226,Vere,Heffernan,Support,98,Female
227,Marsha,Domesday,Human Resources,185,Female
228,Husein,Fittes,Marketing,199,Male
229,Joyce,Carletto,Support,119,Female
230,Aldo,Caven,Research and Development,192,Male
231,Mikael,Rozalski,Services,154,Male
232,Hobard,Hubberstey,Accounting,191,Male
233,Philipa,Halbert,Product Management,70,Female
234,Bill,Baigrie,Research and Development,137,Female
235,Kendrick,Bris,Business Development,74,Male
236,Isabel,Cockman,Engineering,175,Female
237,Robbert,Bowering,Human Resources,198,Male
238,Gypsy,McKernan,Marketing,166,Female
239,Portie,Durnian,Marketing,51,Male
240,Leonerd,Suthren,Legal,146,Male
241,Goddart,Steinson,Services,101,Male
242,Martino,Pashbee,Product Management,62,Male
243,Olvan,Devenport,Accounting,110,Male
244,Kennith,Ivanenko,Research and Development,182,Male
245,Renado,Ravelus,Services,167,Male
246,Karina,Piccop,Research and Development,173,Female
247,Cindee,MacConnel,Product Management,51,Female
248,Ferdinande,Hazzard,Business Development,146,Female
249,Milzie,Rosenstengel,Marketing,63,Female
250,Bridget,MacRanald,Accounting,64,Female
251,Alexi,Kither,Legal,108,Female
252,Sherwin,Flement,Marketing,60,Male
253,Sauveur,Woodrough,Training,71,Male
254,Trevor,Larrat,Accounting,164,Male
255,Susie,Bilverstone,Support,192,Female
256,Fons,Glynn,Business Development,106,Male
257,Uri,Shadwick,Training,73,Male
258,Cherin,Palfrie,Research and Development,78,Female
259,Phip,Eouzan,Accounting,97,Male
260,Bob,Askam,Services,71,Male
261,Shandeigh,Hentze,Services,189,Female
262,Daile,Quinby,Services,186,Female
263,Vassily,Bagnall,Sales,103,Male
264,Sophie,Kirtley,Marketing,123,Female
265,Olivier,Baldelli,Engineering,59,Male
266,Standford,Bessey,Marketing,125,Male
267,Robinson,Gaine of England,Services,145,Male
268,Tedman,Cunnington,Accounting,197,Male
269,Pierre,Andersch,Accounting,76,Male
270,Farris,Chetwind,Engineering,162,Male
271,Nathan,Spring,Marketing,91,Male
272,Franklyn,Bibby,Services,80,Male
273,Bethena,Bellsham,Marketing,153,Female
274,Audra,Bowra,Business Development,99,Female
275,Eduardo,Stirtle,Legal,160,Male
276,Jaquith,Danelutti,Marketing,179,Female
277,Bibby,Stolli,Sales,170,Female
278,Beatriz,Lowndes,Research and Development,155,Female
279,Hardy,Beggio,Sales,92,Male
280,Burgess,Yackiminie,Human Resources,149,Male
281,Sylvan,Brimilcome,Business Development,183,Male
282,Iggie,Dibbin,Training,52,Male
283,Horten,Pautot,Business Development,152,Male
284,Reggy,Capaldi,Research and Development,124,Male
285,Fax,Merrett,Services,181,Male
286,Gertruda,Barmadier,Accounting,167,Female
287,Anette,McKyrrelly,Research and Development,112,Female
288,Farrell,Crosby,Human Resources,169,Male
289,Indira,Stockney,Product Management,94,Female
290,Scot,Wilcox,Accounting,147,Male
291,Gavra,Vaszoly,Training,166,Female
292,Samaria,Deschelle,Marketing,173,Female
293,Fonsie,Monery,Support,166,Male
294,Missy,Cuell,Training,61,Female
295,Maggi,Rizzone,Human Resources,99,Female
296,Gabriellia,Erdely,Human Resources,87,Female
297,Olympie,Kunath,Research and Development,77,Female
298,Tabby,Tyne,Engineering,78,Female
299,Dalston,Gocher,Engineering,107,Male
300,Brett,Wardale,Training,138,Male
301,Allys,Callar,Product Management,117,Female
302,Emmet,Fenech,Services,180,Male
303,Jorrie,Westmancoat,Accounting,99,Female
304,Ahmad,Bannard,Marketing,60,Male
305,Joe,Posner,Human Resources,90,Male
306,Rose,Bentson,Human Resources,169,Female
307,Becky,Sword,Sales,106,Female
308,Barnaby,Marquess,Support,154,Male
309,Marybelle,Baily,Support,115,Female
310,Quintina,Ganley,Marketing,83,Female
311,Cleopatra,Guiu,Accounting,80,Female
312,Ingmar,Norheny,Legal,180,Male
313,Vilhelmina,MacWilliam,Sales,163,Female
314,Derby,Cottell,Services,87,Male
315,Noak,Hews,Engineering,93,Male
316,Ambrosio,Capsey,Engineering,134,Male
317,Gareth,Millgate,Training,118,Male
318,Lisa,Spears,Research and Development,55,Female
319,Yardley,Oleszczak,Engineering,118,Male
320,Emmott,Skipp,Services,89,Male
321,Daffie,McPartlin,Accounting,84,Female
322,Jandy,Sibray,Services,55,Female
323,Dionisio,Botton,Engineering,157,Male
324,Palmer,Caldera,Support,80,Male
325,Rickie,Norledge,Research and Development,104,Female
326,Hedwig,Bernhardt,Accounting,138,Female
327,Kimberlyn,O'Lagene,Business Development,71,Female
328,Marchelle,Snell,Legal,52,Female
329,Jorgan,Sedgman,Accounting,104,Male
330,Huberto,Shemmin,Marketing,62,Male
331,Ruben,Kerner,Legal,127,Male
332,Jennette,Strass,Support,188,Female
333,Gradey,McAvinchey,Accounting,96,Male
334,Dido,O'Canavan,Product Management,132,Female
335,Roselin,Curnnokk,Product Management,132,Female
336,Ciro,Stedall,Research and Development,169,Male
337,Jonis,Kitchingman,Sales,148,Female
338,Harriet,Noblett,Human Resources,79,Female
339,Megan,Biskupski,Engineering,98,Female
340,Lutero,Canadas,Research and Development,172,Male
341,Robbie,Cullum,Accounting,55,Male
342,Kesley,Shoubridge,Product Management,152,Female
343,Augie,Winthrop,Sales,161,Male
344,Cynthie,Pawelke,Training,163,Female
345,Albina,Gruby,Marketing,138,Female
346,Archibaldo,Mulvin,Services,109,Male
347,Garth,Patrickson,Research and Development,85,Male
348,Shurlock,Reppaport,Training,182,Male
349,Maximilien,Tucknott,Research and Development,89,Male
350,Garth,Hallbord,Research and Development,164,Male
351,Kinna,Barles,Services,56,Female
352,Barrett,Sertin,Research and Development,184,Male
353,Eleanore,Tighe,Sales,72,Female
354,Sibel,McGrowther,Engineering,137,Female
355,Darya,Wedge,Human Resources,198,Female
356,Rosaleen,Isles,Support,191,Female
357,Garner,Agett,Accounting,186,Male
358,Vick,McFfaden,Business Development,185,Male
359,Gardener,Snewin,Accounting,56,Male
360,Fairfax,Pasley,Marketing,190,Male
361,Harlie,Fishlee,Business Development,162,Female
362,Bret,Hiorn,Research and Development,86,Male
363,Lisle,Cobson,Marketing,186,Male
364,Celie,Donn,Sales,97,Female
365,Alexandros,Sandells,Training,71,Male
366,Shayne,Lago,Support,76,Female
367,Early,Willeman,Business Development,167,Male
368,Corissa,Dunn,Sales,131,Female
369,Collin,de Chastelain,Engineering,137,Male
370,Zacharie,Wyborn,Support,166,Male
371,Moselle,Tirone,Engineering,74,Female
372,Ambrosi,Sherwell,Product Management,200,Male
373,Lou,Aleshintsev,Engineering,192,Male
374,Leticia,Lukovic,Engineering,146,Female
375,Chase,Burgh,Legal,102,Male
376,Wade,Ludlow,Services,139,Male
377,Lil,Brand,Legal,101,Female
378,Anita,Fenners,Marketing,110,Female
379,Brant,Steddall,Research and Development,172,Male
380,Ellary,Ussher,Business Development,199,Male
381,Ardelis,Gunson,Accounting,196,Female
382,Debra,Titchmarsh,Engineering,168,Female
383,Dar,Schwier,Accounting,83,Male
384,Tamiko,Harbottle,Support,91,Female
385,Sisile,Snalum,Human Resources,77,Female
386,Basilio,Embleton,Legal,200,Male
387,Tatiana,Wardroper,Human Resources,138,Female
388,Nelle,Steers,Product Management,101,Female
389,Leighton,Oylett,Sales,157,Male
390,Pablo,Buntine,Product Management,93,Male
391,Minerva,Denyukin,Product Management,175,Female
392,Killie,Woodfield,Services,130,Male
393,Almira,de Clercq,Human Resources,147,Female
394,Gayelord,Dongles,Training,91,Male
395,Sigismundo,Vegas,Marketing,68,Male
396,Abie,Calender,Training,145,Male
397,Elijah,Biaggelli,Services,105,Male
398,Larine,Pulfer,Human Resources,112,Female
399,Deedee,Doore,Marketing,79,Female
400,Darelle,Harrismith,Human Resources,181,Female
401,Byram,Blakely,Human Resources,53,Male
402,Abner,MacCallister,Accounting,165,Male
403,Xenos,Toothill,Product Management,133,Male
404,Zoe,Hulatt,Sales,104,Female
405,Brew,Simeoni,Sales,190,Male
406,Sancho,Milesap,Research and Development,141,Male
407,Munroe,Beardshall,Legal,84,Male
408,Ramsey,Vasiliev,Product Management,190,Male
409,Janey,Badsey,Human Resources,195,Female
410,Appolonia,Leebeter,Legal,63,Female
411,Hervey,Shailer,Sales,189,Male
412,Benyamin,Guntrip,Services,80,Male
413,Corliss,Lewzey,Business Development,160,Female
414,Benedetta,Foskew,Services,118,Female
415,Andrei,Daoust,Training,133,Female
416,Radcliffe,Conelly,Product Management,139,Male
417,Derry,Soppit,Training,181,Male
418,Dudley,Davenall,Business Development,66,Male
419,Donny,Jobbins,Accounting,113,Male
420,Jordan,Liddle,Business Development,74,Male
421,Nicoline,Skyrm,Sales,119,Female
422,Stevena,Sellor,Legal,74,Female
423,Fredi,Taffurelli,Marketing,116,Female
424,Audrey,Yeskov,Product Management,97,Female
425,Wayland,Clemoes,Support,137,Male
426,Hyatt,Kleeborn,Training,86,Male
427,Jeremy,Charlewood,Business Development,119,Male
428,Rubina,Cahen,Marketing,96,Female
429,Kerstin,McCue,Marketing,193,Female
430,Izzy,Avramovic,Accounting,118,Male
431,Leda,Dennert,Business Development,142,Female
432,Dallis,Markel,Business Development,114,Male
433,Robby,Hansman,Services,177,Male
434,Granger,Aldins,Accounting,75,Male
435,Whitney,Rissen,Legal,149,Female
436,Raina,Allchorne,Support,74,Female
437,Hamil,Olin,Product Management,139,Male
438,Lawry,Leebetter,Services,132,Male
439,Gan,Cheyney,Business Development,80,Male
440,Jaime,Chamberlin,Legal,70,Male
441,Base,Mattityahou,Research and Development,133,Male
442,Suzanna,Mallabar,Legal,77,Female
443,Jessie,MacPherson,Business Development,182,Male
444,Kathe,Sambidge,Training,125,Female
445,Alair,Fassan,Research and Development,139,Male
446,Nadia,Scriven,Training,139,Female
447,Tedd,Stallybrass,Marketing,75,Male
448,Buddie,Chucks,Human Resources,150,Male
449,Gaspar,Piscotti,Support,57,Male
450,Bertram,Neagle,Human Resources,80,Male
451,Madelle,Moxham,Accounting,178,Female
452,Emalee,Alessandrini,Product Management,135,Female
453,Natividad,Jaskowicz,Services,58,Female
454,Dougy,Bree,Engineering,63,Male
455,Faulkner,Iwanowski,Services,183,Male
456,Berkley,McKerton,Marketing,126,Male
457,Klarika,Tyers,Support,174,Female
458,Dorey,Ucchino,Product Management,150,Male
459,Jerome,Fettiplace,Legal,178,Male
460,Lishe,Deeny,Sales,56,Female
461,Rachelle,Abdon,Human Resources,155,Female
462,Gipsy,Stanfield,Training,60,Female
463,Silvano,Axleby,Human Resources,111,Male
464,Farleigh,Eadie,Legal,59,Male
465,Meridith,Garrow,Legal,92,Female
466,Lothaire,Michurin,Accounting,116,Male
467,Isabelita,Albutt,Legal,73,Female
468,Keane,Adame,Marketing,75,Male
469,Lindi,Norheny,Research and Development,172,Female
470,Cherish,Ovid,Product Management,105,Female
471,Harwell,Fenty,Research and Development,142,Male
472,Vinson,Waggett,Training,192,Male
473,Stacie,Cadden,Services,50,Female
474,Tracy,Leif,Research and Development,129,Female
475,Genia,Gorden,Training,97,Female
476,Aldric,Gadie,Training,146,Male
477,Carla,Harrismith,Services,196,Female
478,Josefina,Chable,Support,58,Female
479,Ruggiero,Botham,Support,102,Male
480,Nisse,Martini,Human Resources,162,Female
481,Archibaldo,Baudou,Human Resources,118,Male
482,Marlena,Whitlaw,Legal,53,Female
483,Eldredge,Goodrich,Support,123,Male
484,Brig,Le Merchant,Accounting,107,Male
485,Petunia,Carress,Support,68,Female
486,Keriann,Costellow,Engineering,73,Female
487,Corri,Iwaszkiewicz,Sales,111,Female
488,Godart,Cahillane,Legal,67,Male
489,Ethelred,Trevethan,Engineering,183,Male
490,Melody,Jannaway,Marketing,79,Female
491,Barbe,Rodd,Support,102,Female
492,Sapphire,Stoney,Sales,112,Female
493,Abby,Szymanzyk,Legal,103,Female
494,Corbin,Braunes,Human Resources,94,Male
495,Billie,McArthur,Engineering,125,Female
496,Trudie,Broggelli,Training,182,Female
497,Lazarus,Flett,Human Resources,170,Male
498,Nalani,Dinis,Product Management,85,Female
499,Westleigh,Blakesley,Research and Development,86,Male
500,Umberto,Baise,Business Development,117,Male
501,Maureene,Marquiss,Engineering,138,Female
502,Sherri,Darridon,Product Management,108,Female
503,Olly,Ritch,Engineering,149,Male
504,Valeda,Zupa,Engineering,163,Female
505,Rickert,Yakunin,Training,94,Male
506,Sauncho,Paolacci,Legal,163,Male
507,Patrice,Dosdale,Marketing,197,Female
508,Jeramie,Dominichetti,Accounting,100,Male
509,Elana,Teape,Product Management,116,Female
510,Domenico,Posselow,Training,135,Male
511,Kelvin,Sidebotham,Product Management,65,Male
512,Angeli,Bunkle,Product Management,132,Male
513,Zolly,Hilland,Product Management,191,Male
514,Ruthi,Norster,Sales,155,Female
515,Eldon,Btham,Business Development,115,Male
516,Carroll,Clark,Legal,71,Female
517,Niles,Sweedland,Product Management,123,Male
518,Mario,Kellard,Marketing,146,Male
519,Elsey,Talman,Research and Development,172,Female
520,Arman,Finan,Sales,123,Male
521,Augusto,Merrison,Marketing,92,Male
522,Willy,Ezzell,Marketing,167,Female
523,Caro,Couser,Support,63,Female
524,Launce,Cotter,Services,168,Male
525,Malcolm,Bridgement,Research and Development,142,Male
526,Gabi,Sall,Accounting,66,Male
527,Sheridan,Durnford,Research and Development,68,Male
528,Edie,Egell,Marketing,82,Female
529,Caryn,Hinemoor,Research and Development,54,Female
530,Margy,Purvess,Services,139,Female
531,Aurelie,McAleese,Human Resources,153,Female
532,Montgomery,Renfrew,Research and Development,181,Male
533,Leif,Beasleigh,Engineering,160,Male
534,Gae,Orrobin,Engineering,65,Female
535,Alexina,Minnock,Product Management,152,Female
536,Tiff,Satteford,Sales,60,Female
537,Edmon,Davidai,Training,153,Male
538,Noland,Boutcher,Accounting,62,Male
539,Shawnee,Rawlins,Sales,99,Female
540,Lyssa,Tupie,Legal,173,Female
541,Tobey,O'Mullaney,Engineering,174,Female
542,Sinclair,Ballston,Accounting,113,Male
543,Katrina,Welfare,Accounting,72,Female
544,Vince,Scollick,Human Resources,118,Male
545,Dorey,Giacomucci,Product Management,156,Female
546,Elmo,Castenda,Marketing,114,Male
547,Nessi,Foltin,Legal,174,Female
548,Essie,Balshen,Training,100,Female
549,Cristobal,MacParlan,Research and Development,62,Male
550,Maritsa,Mardell,Business Development,175,Female
551,Bruis,Simpkiss,Support,175,Male
552,Reid,Dolby,Marketing,128,Male
553,Erastus,Mathen,Services,126,Male
554,Theo,Hulburd,Research and Development,103,Male
555,Winthrop,Tuck,Sales,77,Male
556,Hedda,Preist,Engineering,127,Female
557,Xavier,Murley,Marketing,118,Male
558,Murdoch,Grinnell,Research and Development,188,Male
559,Jesselyn,Wyon,Human Resources,50,Female
560,Kirbie,Millhill,Engineering,127,Female
561,Cindra,Curnnok,Human Resources,75,Female
562,Kelly,Thake,Human Resources,154,Female
563,Kacy,Abbett,Business Development,155,Female
564,Lanette,Domenge,Product Management,158,Female
565,Nevile,Masedon,Services,109,Male
566,Somerset,Reditt,Engineering,122,Male
567,Udale,Ramey,Accounting,85,Male
568,Harley,Hynde,Research and Development,78,Male
569,Gerrie,Murkus,Support,97,Female
570,Daphne,Coolbear,Human Resources,117,Female
571,Isadora,Wride,Marketing,135,Female
572,Vera,Meineking,Legal,155,Female
573,Lefty,England,Marketing,185,Male
574,Renata,Demelt,Support,194,Female
575,Stevy,Coull,Training,172,Male
576,Carroll,McEttigen,Business Development,144,Female
577,Boony,Muehler,Accounting,170,Male
578,Bucky,Canwell,Business Development,119,Male
579,Johann,Stetlye,Human Resources,57,Male
580,Andreas,Melville,Engineering,165,Male
581,Rachelle,Crooks,Legal,117,Female
582,Jayson,Lideard,Legal,110,Male
583,Gayel,Hanselmann,Business Development,81,Female
584,Davide,Ianittello,Engineering,154,Male
585,Venita,McMeekan,Sales,111,Female
586,Guillema,Glinde,Research and Development,165,Female
587,Ramonda,Broscombe,Business Development,54,Female
588,Ingmar,Keemar,Services,88,Male
589,Rowney,Reuther,Research and Development,175,Male
590,Martin,Ierland,Engineering,155,Male
591,Prissie,Lindemann,Accounting,162,Female
592,Becka,Thorbon,Human Resources,190,Female
593,Traver,Limb,Product Management,105,Male
594,Brendis,Ginger,Services,114,Male
595,Brooks,Piwall,Product Management,59,Female
596,Cosimo,Walliker,Training,68,Male
597,Frederico,Arnaldi,Research and Development,163,Male
598,Manfred,Pamment,Sales,171,Male
599,Christie,Dispencer,Sales,190,Male
600,Scotty,Roebottom,Training,93,Male
601,Elene,McKibbin,Training,126,Female
602,Sacha,Farrow,Sales,147,Female
603,Sarajane,Wheildon,Legal,53,Female
604,Barbra,Caswell,Sales,57,Female
605,Arabela,Swinfen,Product Management,194,Female
606,Arthur,Moston,Research and Development,126,Male
607,Haydon,Varns,Marketing,122,Male
608,Kassi,McTiernan,Product Management,139,Female
609,Suzann,Pagen,Legal,116,Female
610,Berget,Jeffrey,Support,68,Female
611,Erinn,Gallimore,Services,119,Female
612,Ber,Luckwell,Legal,141,Male
613,Haskel,Litel,Engineering,148,Male
614,Corby,Aubery,Accounting,113,Male
615,Matti,Kiessel,Marketing,93,Female
616,Sherm,Burnsyde,Research and Development,161,Male
617,Vassili,Kasperski,Human Resources,69,Male
618,Orelie,Lackney,Accounting,116,Female
619,Matteo,Instrell,Training,151,Male
620,Emlyn,Filmer,Engineering,111,Male
621,Leeanne,Stonhard,Human Resources,183,Female
622,Vasili,Jeal,Product Management,50,Male
623,Ronna,Yurinov,Training,75,Female
624,Redd,Lorenzetti,Engineering,98,Male
625,Carleen,Johannesson,Engineering,174,Female
626,Rebecca,Hamlin,Engineering,67,Female
627,Iorgo,Stickford,Business Development,50,Male
628,Alfonse,Dunrige,Research and Development,138,Male
629,Hobard,Ertelt,Business Development,52,Male
630,Jasmin,Sallans,Product Management,81,Female
631,Hobey,Caws,Legal,170,Male
632,Gaston,Steinham,Training,159,Male
633,Bonnee,Charlet,Support,68,Female
634,Ted,Cutill,Research and Development,156,Male
635,Chrissy,D'Aeth,Product Management,159,Male
636,Dacia,Dumbrill,Legal,159,Female
637,Elinore,Rogister,Engineering,158,Female
638,Boot,Neilly,Human Resources,133,Male
639,Alva,Terrazzo,Product Management,135,Male
640,Dedra,Isacoff,Product Management,178,Female
641,Armstrong,Sidary,Services,78,Male
642,Elfie,Jeffryes,Support,117,Female
643,Xylina,Starkings,Research and Development,57,Female
644,Anneliese,Baptiste,Services,111,Female
645,Christos,Lamond,Training,122,Male
646,Odey,Spry,Research and Development,190,Male
647,Randi,Billion,Support,140,Male
648,Yvonne,Sayes,Training,147,Female
649,Dierdre,Eitter,Product Management,60,Female
650,Brocky,Musico,Human Resources,195,Male
651,Angelo,Muxworthy,Engineering,141,Male
652,Arabelle,Esposita,Engineering,170,Female
653,Fernandina,Windsor,Support,109,Female
654,Meagan,Dreakin,Legal,141,Female
655,Charley,Taaffe,Research and Development,144,Male
656,Hyacinth,Doblin,Product Management,143,Female
657,Rhianon,Jeandot,Legal,200,Female
658,Holly-anne,Ubsdale,Engineering,131,Female
659,Carlen,Corryer,Engineering,126,Female
660,Rhetta,Orsay,Marketing,111,Female
661,Claudianus,Kennerknecht,Sales,159,Male
662,Patten,Pleasaunce,Services,144,Male
663,Morey,Hanster,Support,92,Male
664,Vincenty,Robben,Sales,133,Male
665,Maurits,Dacks,Services,122,Male
666,Monty,Whorton,Services,103,Male
667,Ruthe,Sindall,Human Resources,197,Female
668,Sawyere,Lismer,Training,102,Male
669,Bryna,Ormrod,Services,88,Female
670,Essie,Yarrington,Accounting,177,Female
671,Margot,Caraher,Training,153,Female
672,Filippa,Maharry,Research and Development,62,Female
673,Sloane,Longstreeth,Accounting,73,Male
674,Jamie,Facer,Training,125,Female
675,Ulberto,Spering,Training,159,Male
676,Moshe,Conniam,Research and Development,136,Male
677,Ricky,Sreenan,Sales,50,Female
678,Dionis,Poker,Services,73,Female
679,Lynsey,Grichukhin,Training,87,Female
680,Dilan,Owbrick,Support,119,Male
681,Pooh,Eliot,Services,52,Female
682,Doralin,Selvester,Business Development,120,Female
683,Clevie,Morin,Legal,167,Male
684,Antone,Folliss,Accounting,92,Male
685,Pieter,Crust,Training,163,Male
686,Jeannie,Van Daalen,Product Management,125,Female
687,Wilhelmine,Jedrzejkiewicz,Training,130,Female
688,Gare,Crosseland,Support,161,Male
689,Edin,Chater,Engineering,94,Female
690,Tymon,MacNockater,Marketing,170,Male
691,Rafferty,Pollicote,Legal,188,Male
692,Godfry,Gutherson,Research and Development,141,Male
693,Clim,Sandwick,Product Management,93,Male
694,Angil,Rehm,Legal,105,Female
695,Reyna,Pidgeley,Research and Development,62,Female
696,Cleon,Boulger,Human Resources,129,Male
697,Ruttger,Tomczykiewicz,Engineering,58,Male
698,Vina,Achrameev,Research and Development,189,Female
699,Arlyne,Ventam,Legal,173,Female
700,Kliment,Tudgay,Legal,186,Male
701,Jakob,Keats,Services,126,Male
702,Ludovico,Rookwell,Training,82,Male
703,Lisette,Alan,Business Development,59,Female
704,Barthel,Rubica,Sales,158,Male
705,Welbie,Farress,Business Development,78,Male
706,Hyacinthie,Gorbell,Services,180,Female
707,Gaby,Camden,Marketing,61,Female
708,Cal,Perham,Sales,75,Female
709,Abigail,Rickardes,Human Resources,138,Female
710,Tabb,Sappell,Training,183,Male
711,Hilliard,Methingam,Human Resources,142,Male
712,Karlik,Rosenhaus,Services,105,Male
713,Pearla,Brendish,Services,115,Female
714,Cordelie,McDuff,Engineering,161,Female
715,Kissiah,McCrea,Support,177,Female
716,Franny,Gasparro,Services,152,Female
717,Eduardo,Hammerberger,Marketing,108,Male
718,Sanford,Bricham,Services,120,Male
719,Werner,Gunny,Engineering,133,Male
720,Onfroi,Ilive,Sales,135,Male
721,Karlis,Splevings,Sales,78,Male
722,Hamel,Longea,Marketing,94,Male
723,Bradley,Botham,Support,150,Male
724,Coleen,Puckinghorne,Human Resources,134,Female
725,Stacie,Eustace,Human Resources,160,Female
726,Lisetta,Hymas,Training,76,Female
727,Hannie,Bonifazio,Services,53,Female
728,Siffre,Leathwood,Human Resources,109,Male
729,Annetta,Dunkley,Business Development,177,Female
730,Gasper,Acutt,Research and Development,108,Male
731,Darlene,Ollarenshaw,Research and Development,106,Female
732,Blaire,Manis,Support,167,Female
733,Jervis,Studdal,Marketing,91,Male
734,Inglebert,Skipping,Support,154,Male
735,Orelie,Ernshaw,Research and Development,128,Female
736,Francklin,Miner,Product Management,145,Male
737,Melantha,Wraighte,Services,196,Female
738,Aile,Hattam,Product Management,188,Female
739,Itch,MacRanald,Research and Development,125,Male
740,Dru,Kivelle,Sales,191,Male
741,Cordie,Oppery,Training,87,Male
742,Bastian,Rogeon,Services,83,Male
743,Angel,Ivanikov,Product Management,66,Male
744,Babette,Wibrew,Engineering,126,Female
745,Wakefield,Marusik,Human Resources,133,Male
746,Ana,Felipe,Training,198,Female
747,Blondy,Spatari,Sales,197,Female
748,Cyrille,Bowmen,Human Resources,101,Male
749,Vinita,Stronach,Marketing,108,Female
750,Fabiano,O'Lenane,Research and Development,172,Male
751,Clarine,Townsley,Engineering,86,Female
752,Nicholas,Licciardello,Legal,187,Male
753,Prudy,Angerstein,Marketing,130,Female
754,Emlyn,Beathem,Research and Development,156,Male
755,Franny,Samways,Legal,128,Male
756,Jeana,Axe,Marketing,177,Female
757,Charisse,Itzkovwich,Legal,175,Female
758,Lindsay,Habens,Marketing,88,Female
759,Nanice,Prangnell,Product Management,114,Female
760,Veriee,MacNockater,Business Development,184,Female
761,Michele,Loughman,Engineering,191,Male
762,Gardie,Houndesome,Legal,129,Male
763,Lucho,Frankcombe,Research and Development,101,Male
764,Jana,Lark,Services,81,Female
765,Goldia,Lidell,Marketing,118,Female
766,Sayers,Findley,Engineering,82,Male
767,Ber,Delong,Legal,136,Male
768,Theodora,Hardwich,Business Development,83,Female
769,Portie,Hempshall,Research and Development,148,Male
770,Sammy,Cotsford,Business Development,178,Male
771,Faun,Samuel,Legal,166,Female
772,Tressa,Blackwood,Marketing,72,Female
773,Modestine,Rookwell,Legal,77,Female
774,Onofredo,Pinnijar,Product Management,125,Male
775,Guillermo,Bawles,Engineering,190,Male
776,Corbet,Meller,Business Development,141,Male
777,Mitch,Scandrite,Research and Development,94,Male
778,Agnes,Aiskrigg,Product Management,147,Female
779,Brandy,Heath,Services,55,Female
780,Darby,Tenpenny,Engineering,169,Male
781,Kaine,Williment,Legal,196,Male
782,Lorraine,Courtenay,Research and Development,156,Female
783,Timmy,Lesser,Support,135,Male
784,Nial,Pacey,Business Development,139,Male
785,Stace,von Grollmann,Human Resources,150,Female
786,Melba,Garland,Research and Development,155,Female
787,Kamila,Anersen,Business Development,178,Female
788,Rodie,Casin,Business Development,81,Female
789,Fredrick,Benoy,Services,102,Male
790,Quintin,Apedaile,Training,50,Male
791,Fannie,Brazier,Engineering,140,Female
792,Novelia,Dainter,Legal,124,Female
793,Moishe,Pilmore,Services,97,Male
794,Mischa,Barwise,Human Resources,73,Male
795,Cyndy,Graffin,Support,146,Female
796,Farris,McKeran,Sales,74,Male
797,Christy,Roblou,Product Management,194,Male
798,Brooks,Fawdry,Research and Development,67,Male
799,Neel,Barribal,Research and Development,56,Male
800,Dorri,Danbrook,Legal,72,Female
801,Carleen,Dupey,Support,126,Female
802,Prue,Swindle,Engineering,68,Female
803,Yvon,Rorke,Engineering,128,Male
804,Jareb,Phippen,Marketing,82,Male
805,Wayland,Lilbourne,Marketing,150,Male
806,Nicolis,Canadine,Accounting,192,Male
807,Claudio,Allred,Legal,72,Male
808,Jess,Corrison,Legal,75,Male
809,Nedda,Kitchingham,Sales,136,Female
810,Maybelle,Traher,Business Development,122,Female
811,Hieronymus,Kuzma,Engineering,115,Male
812,Osborne,Mealand,Sales,56,Male
813,Wang,Chinnick,Support,89,Male
814,Quintus,Heathcott,Human Resources,71,Male
815,Devina,Norwell,Business Development,102,Female
816,Hendrika,Stampfer,Product Management,174,Female
817,Billy,Winkett,Research and Development,190,Female
818,Kirsti,Wychard,Legal,121,Female
819,Boot,Uttermare,Human Resources,83,Male
820,Lara,Arkill,Engineering,116,Female
821,Adolpho,Lilian,Legal,141,Male
822,Egbert,Joplin,Support,179,Male
823,Oberon,Deane,Sales,192,Male
824,Clair,Overel,Marketing,155,Male
825,Saree,Alvarez,Services,95,Female
826,Kara,Jeckells,Accounting,66,Female
827,Erina,Hanny,Human Resources,138,Female
828,Wit,Labon,Accounting,118,Male
829,Gasper,Rickeard,Research and Development,99,Male
830,Rozele,Lacky,Support,95,Female
831,Aubrie,Manger,Research and Development,67,Female
832,Filberte,Yukhin,Sales,52,Male
833,Blondie,Cadd,Accounting,69,Female
834,Krystle,Goodby,Product Management,149,Female
835,Luelle,Dawkins,Sales,59,Female
836,Shell,Chalcot,Product Management,198,Female
837,Giff,Tolfrey,Sales,53,Male
838,Staffard,Nolleau,Legal,196,Male
839,Ofilia,Ramlot,Engineering,152,Female
840,Keary,Portugal,Services,52,Male
841,Robena,Kobera,Product Management,199,Female
842,Brenden,Brigstock,Product Management,58,Male
843,Hoebart,Howel,Engineering,158,Male
844,Murielle,Mettetal,Support,175,Female
845,Melva,Mellody,Product Management,152,Female
846,Ariel,O'Dempsey,Sales,62,Female
847,Bell,Arndell,Research and Development,134,Female
848,Powell,Simon,Marketing,162,Male
849,Beverlie,Grendon,Sales,152,Female
850,Elsinore,Grebner,Research and Development,170,Female
851,Dorette,Noen,Product Management,182,Female
852,Nehemiah,Bevington,Sales,176,Male
853,Tarrance,Tansill,Training,54,Male
854,Nolly,Newdick,Product Management,153,Male
855,Caresa,Deboy,Legal,72,Female
856,Tessi,Yellep,Sales,188,Female
857,Linnell,Derges,Product Management,80,Female
858,Daisey,Pharoah,Human Resources,83,Female
859,Ofella,Shermore,Engineering,76,Female
860,Westbrook,Pierro,Marketing,153,Male
861,Theodore,Margery,Accounting,198,Male
862,Vanya,Pryke,Engineering,192,Male
863,Linea,Pridding,Services,90,Female
864,Chelsie,McNeachtain,Business Development,57,Female
865,Joseito,Pellamont,Legal,67,Male
866,Vilhelmina,Hovell,Business Development,98,Female
867,Selene,Bront,Training,62,Female
868,Gabie,Dottridge,Support,113,Female
869,Sander,Santacrole,Accounting,91,Male
870,Evie,Greenalf,Accounting,199,Female
871,Gleda,Stuther,Engineering,81,Female
872,Jecho,Roo,Human Resources,111,Male
873,Niven,Geydon,Engineering,196,Male
874,Lindon,Mulvy,Accounting,193,Male
875,Hilton,Cogdon,Business Development,152,Male
876,Mariette,Jouannot,Sales,179,Female
877,Melisenda,Kepp,Research and Development,107,Female
878,Shani,Vieyra,Services,161,Female
879,Bond,Jutson,Engineering,97,Male
880,Randell,Rosekilly,Business Development,166,Male
881,Chloris,Beck,Services,172,Female
882,Englebert,Blowing,Support,192,Male
883,Angelica,Spellissy,Human Resources,57,Female
884,Rene,Wytchard,Accounting,184,Male
885,Franny,Jeanin,Support,77,Male
886,Duane,McGoon,Business Development,75,Male
887,Maggi,Bultitude,Marketing,109,Female
888,Corrie,Ovize,Support,158,Male
889,Ruy,Fleury,Engineering,181,Male
890,Evan,Ricketts,Sales,50,Male
891,Frederic,Joire,Research and Development,172,Male
892,Layne,Seyers,Human Resources,133,Female
893,Killie,Blasgen,Human Resources,180,Male
894,Rik,Christal,Support,81,Male
895,Aguste,Tomkinson,Research and Development,56,Male
896,Bernie,Pursglove,Legal,133,Male
897,Curt,Bernaldez,Engineering,81,Male
898,Anton,Seth,Training,64,Male
899,Winny,Slowey,Product Management,192,Male
900,Doloritas,Ioannidis,Legal,177,Female
901,Renato,Trase,Engineering,152,Male
902,Wylie,Pirot,Product Management,166,Male
903,Leena,Franzoli,Sales,84,Female
904,Filbert,Hulson,Legal,109,Male
905,Anita,Coston,Support,70,Female
906,Cherie,Pring,Sales,175,Female
907,Hanan,Egerton,Engineering,129,Male
908,Ellerey,Hicklingbottom,Training,108,Male
909,Griffith,Emlen,Product Management,191,Male
910,Luz,De Brett,Accounting,89,Female
911,Gothart,Swindlehurst,Human Resources,187,Male
912,Beverly,Antonietti,Product Management,119,Female
913,Malcolm,Brient,Marketing,127,Male
914,Erl,Bury,Product Management,133,Male
915,Stephine,Larkby,Legal,160,Female
916,Noel,O'Halligan,Legal,93,Male
917,Broddy,Guare,Support,73,Male
918,Morna,O'Hern,Product Management,86,Female
919,Clare,Adanet,Services,153,Male
920,Adolpho,Connold,Human Resources,187,Male
921,Elberta,Greenside,Support,107,Female
922,Curtis,Finlan,Product Management,180,Male
923,Olivia,Block,Sales,119,Female
924,Conway,Blois,Marketing,100,Male
925,Barnett,Malby,Accounting,81,Male
926,Milton,Liveing,Human Resources,148,Male
927,Bartholomeus,Kroll,Legal,177,Male
928,Charmian,Haith,Research and Development,90,Female
929,Gabby,De Ruggero,Accounting,161,Male
930,Urbano,Sprakes,Human Resources,160,Male
931,Mady,Matteucci,Human Resources,187,Female
932,Johnny,Loudiane,Research and Development,93,Male
933,Lonnard,Thickin,Product Management,177,Male
934,Jae,Vann,Business Development,164,Male
935,Lombard,Eliez,Research and Development,140,Male
936,Germaine,Hymers,Services,128,Male
937,Gael,Gleder,Legal,132,Female
938,Nicolette,Kloss,Business Development,141,Female
939,Anatola,Greenmon,Business Development,189,Female
940,Eward,Nenci,Sales,138,Male
941,Fax,Vagg,Human Resources,194,Male
942,Craggy,Donaway,Research and Development,84,Male
943,Abbi,Oldacres,Sales,169,Female
944,Iona,Tumbridge,Support,191,Female
945,Jasmin,Orriss,Human Resources,158,Female
946,Coralie,Wardrop,Business Development,163,Female
947,Nedda,Brugman,Marketing,161,Female
948,Alfonso,Ruprechter,Training,52,Male
949,Roma,Heinsh,Sales,108,Male
950,Jayme,Abbey,Training,126,Male
951,Amberly,Gabbitis,Human Resources,59,Female
952,Ted,Galsworthy,Product Management,172,Female
953,Keenan,Rubinow,Training,168,Male
954,Nev,Dillingston,Support,157,Male
955,Chilton,Proschke,Accounting,93,Male
956,Damian,Helliar,Training,129,Male
957,Bryce,Dolley,Human Resources,195,Male
958,Alain,Jeckell,Product Management,71,Male
959,Daisy,Williamson,Sales,120,Female
960,Nata,Bouller,Human Resources,190,Female
961,Marya,Easdon,Marketing,178,Female
962,Luci,Pycock,Marketing,178,Female
963,Rex,Ribchester,Legal,102,Male
964,Pearla,Haggus,Sales,177,Female
965,Peria,Shoppee,Product Management,128,Female
966,Cayla,Cowin,Product Management,53,Female
967,Osmond,Halhead,Business Development,191,Male
968,Dwain,Tortoishell,Research and Development,108,Male
969,Marten,Nasey,Engineering,111,Male
970,Fifine,Ximenez,Research and Development,64,Female
971,Killy,Dargie,Research and Development,106,Male
972,Yard,Moscon,Sales,193,Male
973,Julius,Greenhouse,Accounting,135,Male
974,Elsbeth,Killen,Services,110,Female
975,Quintus,Abbatucci,Services,134,Male
976,Albertina,Panter,Research and Development,155,Female
977,Staffard,Poncet,Sales,83,Male
978,Taryn,Longman,Research and Development,180,Female
979,Craggie,Sinden,Training,170,Male
980,Simon,Wheelband,Marketing,181,Male
981,Sigismondo,Vann,Engineering,173,Male
982,Gaultiero,Andrey,Accounting,81,Male
983,Thomasine,Leist,Product Management,108,Female
984,Fairleigh,von Nassau,Research and Development,200,Male
985,Marena,Iannelli,Support,167,Female
986,Alon,De Normanville,Marketing,181,Male
987,Jacintha,Hackey,Accounting,105,Female
988,Trey,Pendrey,Sales,172,Male
989,Arlinda,Scrowton,Marketing,88,Female
990,Charity,Records,Product Management,123,Female
991,Loy,Lester,Business Development,60,Male
992,Franz,Flippini,Human Resources,157,Male
993,Eugenio,Cornewell,Human Resources,138,Male
994,Malissia,Fearnall,Product Management,145,Female
995,Eileen,Origin,Business Development,83,Female
996,Elena,O'Duggan,Legal,170,Female
997,Obediah,Stranger,Services,131,Male
998,Harlan,Peschke,Training,97,Male
999,Valentina,Geeritz,Research and Development,103,Female
1000,Idaline,Foulser,Training,195,Female
